Ajanta Caves,Aurangabad,Ajanta Caves a UNESCO World Heritage site reside in the Sillod taluka of Aurangabad district Maharashtra. These ancient marvels are globally renowned for their exquisite Buddhist art intricate sculptures and vibrant murals dating from the 2nd century BCE to about 480 CE. The 30 rock-cut caves nestled in a horseshoe-shaped gorge along the Waghora River showcase Chaityas prayer halls and Viharas monasteries. These illustrate the Jataka tales narrating the previous lives of Buddha. The best time to visit is from October to March for pleasant weather though monsoons from June to September offer lush green surroundings. Forgotten for centuries the caves were rediscovered in 1819 offering unparalleled insight into ancient Indian artistry and spiritual devotion a truly captivating historical journey.
Ellora Caves,Aurangabad,Ellora Caves another UNESCO World Heritage monument are situated in the Khuldabad taluka of Aurangabad district Maharashtra. These magnificent rock-cut caves embody a remarkable fusion of Hindu Buddhist and Jain traditions showcasing India's ancient religious harmony. There are 34 caves in total carved meticulously from basalt cliffs. The undisputed centerpiece is Cave 16 the Kailasa Temple an enormous monolithic structure dedicated to Lord Shiva a testament to extraordinary human endeavor. The site's grandeur spans from the 6th to 10th centuries CE. Visiting between October and March provides comfortable weather for exploration. Ellora is not just architecture it is a profound spiritual and artistic legacy etched in stone for eternity.
Mahabaleshwar,Satara,Mahabaleshwar a popular hill station rests in the Mahabaleshwar taluka of Satara district Maharashtra. It is celebrated for its breathtaking scenic beauty lush evergreen forests cascading waterfalls and delicious strawberries a true delight for visitors. The ideal travel season spans September to May offering pleasant weather. Key attractions include the serene Venna Lake perfect for boating Arthur's Seat providing stunning valley views Wilson Point for sunrises and the ancient Panchganga Temple. Do not miss Mapro Garden for strawberry treats. Once a British summer retreat Mahabaleshwar is also revered as the source of the Krishna River. Its cool climate and abundant natural charm make it a perfect highland escape.
Panchgani,Satara,Panchgani a serene hill station is nestled within the Mahabaleshwar taluka of Satara district Maharashtra. It is renowned for its breathtaking panoramic views picturesque landscapes and charming historical sites making it a tranquil getaway. The period from September to May offers the most pleasant climate for visiting. Panchgani's star attraction is Table Land Asia’s second-longest volcanic plateau offering stunning vistas and horse riding. Other notable spots include Sydney Point and Parsi Point both providing magnificent views of the Dhom Dam backwaters and Krishna Valley. Famous for its prestigious boarding schools and colonial-era architecture Panchgani meaning 'land of five hills' retains an old-world charm that captivates every traveler.
Lonavala,Pune,Lonavala a highly popular weekend getaway destination is located in the Maval taluka of Pune district Maharashtra. It is famous for its stunning scenic beauty cascading waterfalls especially during monsoons and its unique wax museum offering entertainment. Lonavala is delightful year-round but the monsoon months June to September transform it into a lush green paradise. Winters October to February are pleasantly cool. Key attractions include the lively Bushi Dam Tiger's Leap for panoramic views Lion's Point the ancient Karla and Bhaja Caves and the historic Lohagad Fort. Sunil's Celebrity Wax Museum adds a modern touch. Do not forget to savor Lonavala's signature sweet treat chikki. It is a perfect quick escape into nature.
Matheran,Raigad,Matheran Asia's only automobile-free hill station is situated in the Karjat taluka of Raigad district Maharashtra. This eco-friendly haven is renowned for its charming toy train journey its pristine unpolluted environment and numerous breathtaking viewpoints offering spectacular Western Ghats vistas. The best time to visit is from September to June when the weather is pleasant. Vehicles are banned beyond Dasturi Naka preserving its tranquility. Visitors can explore Matheran on horseback by hand-pulled rickshaw or on foot. Popular spots include Panorama Point Louisa Point Echo Point and the serene Charlotte Lake. Its dense forest cover and old-world charm provide a unique refreshing experience far from city clamor.
Khandala,Satara,Khandala a scenic hill station listed within Satara district Maharashtra offers stunning views of the majestic Sahyadri mountains and verdant valleys. It is popular for invigorating trekking trails and exhilarating paragliding adventures drawing thrill-seekers. The monsoon season from June to September transforms Khandala into a lush green spectacle while October to February provides pleasant weather ideal for outdoor pursuits. Famous landmarks often associated with the Khandala experience include Duke's Nose Amrutanjan Point and Kune Falls. Its captivating natural beauty makes it a favored retreat often explored alongside its twin hill station Lonavala providing a refreshing escape into nature's splendor.
Igatpuri,Nashik,Igatpuri a serene hill station lies in the Igatpuri taluka of Nashik district Maharashtra. It is well-known for its picturesque waterfalls that come alive during monsoons numerous trekking trails and an overall tranquil atmosphere perfect for relaxation. The renowned Vipassana International Academy a global meditation center is also located here attracting seekers of peace. The monsoon months June to September are ideal for enjoying lush greenery and waterfalls while winter November to February is great for trekking. Popular sites include the historic Tringalwadi Fort the scenic Bhatsa River Valley Camel Valley and the Ghatandevi Temple. Igatpuri offers a peaceful escape amidst nature's bounty.
Bhandardara,Ahmednagar,Bhandardara a scenic holiday resort village is nestled in the Akole taluka of Ahmednagar district Maharashtra. This tranquil location is famous for its majestic mountains serene lakes and offers wonderful opportunities for boating trekking and camping. The monsoon season June to September showcases lush landscapes and overflowing waterfalls while October to February provides pleasant weather perfect for outdoor activities. Key attractions are the historic Wilson Dam the beautiful Arthur Lake and the roaring Randha Falls. Bhandardara also serves as a base for treks to Kalsubai Peak Maharashtra's highest point and the ancient Amruteshwar Temple. Its pristine environment makes it ideal for stargazing and a peaceful retreat.
Malvan,Sindhudurg,Malvan a charming coastal town is situated in the Malvan taluka of Sindhudurg district Maharashtra. It is widely famous for its pristine beaches delectable seafood especially fish curries and significant historical forts like the majestic Sindhudurg Fort built by Chhatrapati Shivaji Maharaj. The popular Tarkarli Beach with its clear waters is nearby. The best time to visit Malvan is from October to March when the weather is cool and pleasant. Other attractions include the Malvan Rock Garden and Devbagh Sangam where the Karli River meets the sea. Water sports like snorkeling and scuba diving are popular. Malvan offers a rich cultural experience with its unique Malvani cuisine and vibrant local life.
Tarkarli,Sindhudurg,Tarkarli a beautiful beach destination is located in the Malvan taluka of Sindhudurg district Maharashtra. It is renowned for its exceptionally clear turquoise waters making it a prime spot for scuba diving and snorkeling adventures in India. The long stretch of powdery white sand at Tarkarli Beach is perfect for relaxation and sunbathing. The ideal season to visit is from October to March offering calm seas and pleasant weather. Devbagh Beach and the Karli River backwaters are nearby offering houseboat stays and opportunities for dolphin spotting. Tarkarli's serene environment and rich marine biodiversity provide an unforgettable coastal experience for water lovers and peace seekers alike a true Konkan paradise.
Alibaug,Raigad,Alibaug a popular coastal town is situated in the Alibaug taluka of Raigad district Maharashtra. It is famous for its numerous sandy beaches historic sea forts and a generally laid-back atmosphere making it a favored weekend retreat from Mumbai. The primary attraction Alibaug Beach offers views of the Kolaba Fort an impressive structure accessible during low tide. The best visiting season is from October to May. Other popular beaches include the serene Varsoli Beach the lively Nagaon Beach and Kihim Beach known for birdwatching. Mandwa Jetty is a key arrival point for ferries from Mumbai. Alibaug provides a refreshing coastal break with its mix of history nature and relaxation.
Malshej Ghat,Thane,Malshej Ghat a stunning mountain pass is located primarily in the Murbad taluka of Thane district Maharashtra traversing the rugged Western Ghats. It is renowned for its mist-laden hills numerous cascading waterfalls during monsoons and for being a temporary home to migratory flamingos during winter. Trekkers also frequent this region. The monsoon months July to September are spectacular with lush greenery while October to March offer pleasant conditions for birdwatching and trekking. Key sights include the Pimpalgaon Joga Dam offering expansive water views and the vicinity of historical forts like Harishchandragad and Ajoba Hill Fort. Malshej Ghat's raw natural beauty and diverse avian life make it a nature lover's paradise.
Chikhaldara,Amravati,Chikhaldara the only hill station in Maharashtra's Vidarbha region is situated in the Chikhaldara taluka of Amravati district. It is uniquely known for its coffee plantations a rarity in the state and its proximity to the Melghat Tiger Reserve making it a haven for wildlife enthusiasts. The best time to visit is from September to March when the climate is cool and pleasant. Attractions include the historic Gawilgad Fort the scenic Bhimkund and viewpoints like Devi Point Mozari Point and Hurricane Point offering panoramic vistas of the surrounding valleys. Chikhaldara also holds mythological significance linked to the epic Mahabharata. Its cool air and lush landscapes offer a refreshing escape.
Amboli,Sindhudurg,Amboli a serene mist-covered hill station is located in the Sawantwadi taluka of Sindhudurg district Maharashtra nestled deep within the Western Ghats. It is famous for its numerous gushing waterfalls especially vibrant during the monsoon its perpetually cool climate and its status as a biodiversity hotspot. The monsoon season from June to September is ideal for experiencing its waterfalls while October to February offers pleasant weather. Key attractions include the main Amboli Falls Mahadevgad Point offering valley views the ancient Hiranyakeshi Temple Nagatta Falls and the unique Kavlesad Point known for its reverse waterfall phenomenon during strong winds. Amboli's lush greenery and tranquil atmosphere provide an exceptional eco-tourism experience.
Harihareshwar,Raigad,Harihareshwar a tranquil seaside town is situated in the Shrivardhan taluka of Raigad district Maharashtra. It is renowned for its ancient temples dedicated to Lord Shiva and Lord Kalbhairav and its pristine beach often considered sacred by locals. The Harihareshwar Temple and Kalbhairav Temple are central to its identity. The best time to visit is from October to March for pleasant coastal weather. A unique feature is the Pradakshina Marg a circumambulation path around the temple hill offering stunning sea views. Nearby attractions include Diveagar and Shrivardhan beaches. Known as 'Dakshin Kashi' Harihareshwar is believed to be blessed by several deities offering a blend of spiritual solace and coastal charm.
Torna Fort,Pune,Torna Fort also known as Prachandagad meaning massive fort is a historic hill fort located in the Velhe taluka of Pune district Maharashtra. It is highly famous among trekkers for its challenging climb rewarding scenic views and its deep association with Chhatrapati Shivaji Maharaj being the first fort he captured at the age of sixteen. The ideal trekking season is from September to March post-monsoon for lush landscapes and winter for pleasant conditions. Key structures on the fort include Zunjar Machi Budhla Machi the Mengai Devi temple and various gates like Kothi Darwaja. Torna stands as a testament to Maratha valor offering adventure and a glimpse into a rich past.
Ajinkyatara Fort,Satara,Ajinkyatara Fort a significant historical fort is prominently situated in the Satara taluka of Satara district Maharashtra. It is renowned for offering breathtaking panoramic views of Satara city and the surrounding valleys and holds a rich Maratha history having served as a key capital. The fort is accessible year-round though monsoons bring lush greenery. It features temples dedicated to Hanuman and Mahadev along with remnants of Tara Rani's palace. Ajinkyatara meaning 'The Impregnable Star' stands as a majestic sentinel overlooking the city. It is one of the seven hills surrounding Satara. Its historical importance and stunning vistas make it a must-visit for history buffs and nature lovers.
Lonar Crater Lake,Buldhana,Lonar Crater Lake a unique geological marvel is located in the Lonar taluka of Buldhana district Maharashtra. This extraordinary site is famous for being a meteorite-created impact crater resulting in a lake with both alkaline and saline water a rare combination. It is surrounded by ancient temples and supports a unique ecosystem. The best time to visit is from October to March when the weather is pleasant for exploration. Key temples include the intricately carved Daitya Sudan Temple the Kamalja Devi Temple near the lake's edge and the Gomukh Temple. Lonar Crater is a National Geo-heritage monument and the only known hypervelocity impact crater in basaltic rock globally offering a fascinating study for scientists and tourists alike.
Kolad,Raigad,Kolad a vibrant riverfront village is situated in the Roha taluka of Raigad district Maharashtra. It is primarily famous for its exhilarating white water rafting experiences on the Kundalika River one of the fastest flowing rivers in the region making it a prime destination for adventure sports enthusiasts. Riverside camping is also a popular activity. The rafting season typically runs from June to March with monsoons offering the most thrilling rapids. Kolad also serves as a gateway to the scenic Tamhini Ghat. The Kundalika's flow for rafting is largely dependent on water release from the Bhira Dam. Kolad is rapidly evolving into a major adventure tourism hub offering a perfect adrenaline rush amidst nature.
