1,Arrival in Aurangabad & Bibi Ka Maqbara|Settle into Aurangabad your base for exploring the region. Begin your historical journey with an evening visit to Bibi Ka Maqbara a stunning 17th-century mausoleum often compared to the Taj Mahal admiring its intricate designs under the soft light., Ajanta Caves Exploration (Part 1)|Dedicate the day to the UNESCO World Heritage Ajanta Caves. Focus on the early Hinayana and later Mahayana caves marveling at the vibrant murals and detailed sculptures that narrate Buddhist Jataka tales showcasing ancient Indian artistry and devotion., Ajanta Caves Exploration (Part 2) & Viewpoint|Continue your immersive experience at Ajanta exploring any remaining caves. Later ascend to the Ajanta Viewpoint for a spectacular panoramic vista of the horseshoe-shaped gorge and the entire cave complex offering a unique photographic perspective on this ancient site., Daulatabad Fort & Khuldabad|Embark on a historical excursion to the formidable Daulatabad Fort an unconquered citadel with ingenious defense mechanisms. Afterwards visit the nearby holy town of Khuldabad known for its Sufi shrines and the tomb of Emperor Aurangzeb reflecting on the region's diverse past., Aurangabad City - Panchakki & Local Markets Departure|Discover Panchakki an ancient water mill exemplifying medieval Indian engineering. Spend some time shopping for local Himroo shawls and Paithani sarees before you depart from Aurangabad cherishing the memories of Maharashtra's rich heritage and artistic wonders.,,
2,Arrival in Aurangabad & City Orientation|Arrive in Aurangabad and check into your accommodation. Spend the afternoon getting acquainted with the city perhaps visiting a local eatery to sample regional cuisine and planning your explorations for the coming days feeling the pulse of this historic hub., Ellora Caves - Hindu & Buddhist Sections|Embark on your exploration of the magnificent Ellora Caves a UNESCO site. Focus today on the awe-inspiring Hindu caves particularly the monolithic Kailasa Temple (Cave 16) and the serene Buddhist Viharas appreciating their distinct architectural grandeur and spiritual essence., Ellora Caves - Jain Section & Grishneshwar Temple|Continue your Ellora journey by visiting the intricately carved Jain caves known for their detailed sculptures and peaceful ambiance. Afterwards pay respects at the nearby Grishneshwar Temple one of the 12 Jyotirlinga shrines of Lord Shiva experiencing its profound sanctity., Pitalkhora Caves Excursion|Take a day trip to the ancient Pitalkhora Caves a lesser-known but historically significant group of Buddhist rock-cut caves. Explore these serene caverns which predate even Ajanta and appreciate their unique carvings and tranquil setting amidst nature's beauty., Aurangabad Caves & Siddhartha Garden|Explore the Aurangabad Caves a set of 6th and 7th-century Buddhist rock-cut shrines located closer to the city. Later unwind at the Siddhartha Garden and Zoo a peaceful green space perfect for a leisurely stroll and observing local flora and fauna., Shopping for Souvenirs & Departure|Spend your final morning in Aurangabad shopping for local handicrafts Bidriware or semi-precious stones as mementos of your trip. Enjoy a last Maharashtrian meal before proceeding to your departure filled with the awe of Ellora's timeless artistry.
3,Arrival in Mahabaleshwar & Venna Lake Serenity|Arrive in the picturesque hill station of Mahabaleshwar. After checking in spend a tranquil evening at Venna Lake enjoying a delightful boat ride or a pony ride along its periphery absorbing the cool mountain air and scenic beauty surrounding you., Old Mahabaleshwar & Temple Visits|Explore the historical charm of Old Mahabaleshwar. Visit the ancient Panchganga Temple believed to be the source of five holy rivers and the revered Mahabaleshwar Temple dedicated to Lord Shiva experiencing the spiritual aura and intricate architecture of these sacred sites., Viewpoint Hopping - Arthur's Seat & Wilson Point|Embark on a journey to Mahabaleshwar's iconic viewpoints. Witness the breathtaking vistas from Arthur's Seat offering panoramic views of the Savitri valley and then head to Wilson Point (Sunrise Point) for a spectacular sunrise or expansive daytime views of the plateau., Mapro Garden & Strawberry Delights Departure|Visit the famous Mapro Garden known for its strawberry produce. Indulge in delicious strawberry-based treats explore the chocolate factory and shop for jams and syrups. After this sweet experience depart from Mahabaleshwar carrying refreshing memories of the hills.,,,
4,Arrival in Panchgani & Table Land Exploration|Arrive in Panchgan a charming hill station nestled amidst five hills. Begin by exploring the iconic Table Land Asia's second-longest volcanic plateau offering stunning panoramic views horse riding opportunities and a refreshing breeze setting a serene tone for your stay., Sydney Point Parsi Point & Dhom Dam Views|Discover Panchgani's picturesque viewpoints. Visit Sydney Point for spectacular views of the Krishna Valley and Dhom Dam and Parsi Point for its equally enchanting vistas of the dam's backwaters and surrounding lush greenery capturing beautiful photographs of the landscape., Mahabaleshwar Excursion - Temples & Lake|Take a short excursion to nearby Mahabaleshwar. Explore its ancient temples like the Mahabaleshwar Temple and Panchganga Temple. Conclude with a serene boat ride on Venna Lake enjoying the pleasant weather and scenic beauty of this popular sister hill station., Wai Exploration - Ghats & Temples|Venture to the historic town of Wai known as "Dakshin Kashi" famous for its numerous temples and picturesque ghats along the Krishna River. Explore the Dholya Ganpati Temple and Menavali Ghat experiencing the rich cultural and spiritual heritage of the region., Bhilar Waterfall & Strawberry Farms Departure|Visit the quaint village of Bhilar India's first "village of books" and if in season the nearby Bhilar Waterfall. Also explore local strawberry farms enjoying fresh produce. Conclude your trip with these unique experiences before departing from Panchgani.,,
5,Arrival in Lonavala & Bushi Dam Fun|Arrive in the popular hill station of Lonavala. After settling in head to Bushi Dam a beloved spot especially during monsoons where you can enjoy the overflowing water sit on the steps and relish the lively atmosphere with local snacks., Karla & Bhaja Caves Exploration|Delve into history with a visit to the ancient Karla Caves and Bhaja Caves. Marvel at these rock-cut Buddhist chaityas (prayer halls) and viharas (monasteries) appreciating the intricate carvings grand pillars and the serene spiritual ambiance they exude from centuries past., Lohagad Fort Trek & Visapur Fort Views|Embark on an invigorating trek to Lohagad Fort a historic hill fort offering panoramic views of the surrounding landscape and the Pawna Lake. You can also catch glimpses of the adjacent Visapur Fort experiencing a blend of adventure and Maratha history., Pawna Lake Camping or Lakeside Relaxation|Spend a day by the beautiful Pawna Lake. Opt for an overnight camping experience with a bonfire and stargazing or simply enjoy a relaxing day by its serene waters boating or picnicking surrounded by the picturesque Sahyadri hills offering a tranquil escape., Tiger's Leap & Lion's Point Vistas|Visit Lonavala's famous viewpoints - Tiger's Leap (Waghachi Lendi) for its cliff-top views resembling a leaping tiger and Lion's Point for breathtaking panoramic vistas of the valley especially stunning during sunset offering perfect photo opportunities and cool breezes., Celebrity Wax Museum & Chikki Shopping Departure|Explore the Sunil's Celebrity Wax Museum for some light-hearted fun. Don't forget to shop for Lonavala's famous chikki (a sweet brittle) and fudge from local shops before you depart taking home sweet memories and flavors of your trip.
6,Arrival in Dasturi Naka & Journey to Matheran|Arrive at Dasturi Naka the last point accessible by motor vehicles. From here enjoy a scenic horse ride hand-pulled rickshaw or a pleasant walk through the forest to reach the eco-sensitive hill station of Matheran checking into your hotel amidst nature., Viewpoint Trail - Panorama Point & Louisa Point|Embark on a refreshing walk or horse ride to explore Matheran's numerous viewpoints. Start with Panorama Point for a 360-degree view of the surrounding Western Ghats and Neral town and then proceed to Louisa Point for stunning valley and waterfall views., Charlotte Lake & Echo Point Charm|Visit the serene Charlotte Lake Matheran's primary source of drinking water offering a tranquil spot for relaxation. Later head to Echo Point to enjoy the fun of hearing your voice reverberate through the hills a classic Matheran experience for all ages., Market Stroll & Toy Train Experience (if operational) Departure|Explore Matheran's local market for leather goods chikki and local honey. If the Matheran Hill Railway (toy train) is operational experience a nostalgic ride part of the way down to Neral. Afterwards proceed from Dasturi Naka for your departure.,,,
7,Arrival in Khandala & Rajmachi Point Views|Arrive in Khandala Lonavala's twin hill station. Begin your exploration with a visit to Rajmachi Point which offers spectacular views of Rajmachi Fort the surrounding valley and the Mumbai-Pune expressway snaking below especially mesmerizing during sunset or early morning., Duke's Nose Trek & Nagphani Adventure|Embark on an adventurous trek to Duke's Nose (Nagphani) a prominent cliff resembling the Duke of Wellington's nose. The trek offers thrilling climbs and rewards with breathtaking panoramic views of the Sahyadri ranges and the valley below a treat for adventure enthusiasts., Amrutanjan Point & Kune Falls Spectacle|Visit Amrutanjan Point for another stunning viewpoint offering vistas of the valley and Duke's Nose. Later witness the majestic Kune Falls a three-tiered waterfall cascading from a height of 200 meters particularly impressive during the monsoon season offering a refreshing natural spectacle., Della Adventure Park Thrills|Dedicate a day to exhilarating activities at Della Adventure Park (if interested and budget allows). Experience a range of adventure sports like zip-lining rappelling zorbing and ATV rides offering a complete contrast to the serene natural beauty with high-octane fun and excitement., Local Exploration & Departure from Lonavala/Khandala|Spend the morning exploring local shops for souvenirs or enjoying a final scenic walk. Khandala shares its departure points with Lonavala so proceed from there reflecting on the blend of natural beauty and adventure experienced during your trip.,,
8,Arrival in Igatpuri & Vipassana International Academy Overview|Arrive in Igatpuri a serene hill station known for the Vipassana International Academy. While full courses require registration you can see the impressive Myanmar Gate and the main stupa from outside appreciating its unique architecture and peaceful atmosphere from a distance., Bhatsa River Valley & Camel Valley Exploration|Explore the picturesque Bhatsa River Valley known for its lush greenery and the scenic Bhatsa River. Also visit Camel Valley another beautiful spot offering views of cascading waterfalls (seasonal) and dense forests perfect for nature photography and tranquil walks., Tringalwadi Fort Trek & Lake Vistas|Embark on a trek to the historic Tringalwadi Fort offering panoramic views of the surrounding hills and the Tringalwadi Lake at its base. The trek is moderately challenging and rewards with a sense of accomplishment and stunning natural beauty connecting you with history., Ghatandevi Temple & Departure|Visit the Ghatandevi Temple dedicated to the goddess of the ghats located in a scenic spot offering views of the Sahyadri ranges. After seeking blessings and enjoying the serene environment proceed for your departure from Igatpuri rejuvenated by its tranquil charm.,,,
9,Arrival in Bhandardara & Wilson Dam Visit|Arrive in the tranquil haven of Bhandardara. After settling in visit the historic Wilson Dam one of the oldest dams in India built on the Pravara River. Witness the spectacular Umbrella Falls (seasonal) when the dam overflows creating a mesmerizing sight., Arthur Lake Serenity & Randha Falls Majesty|Explore the serene Arthur Lake a vast reservoir formed by the Wilson Dam ideal for boating or simply enjoying the peaceful surroundings. Later visit the roaring Randha Falls a powerful cascade of the Pravara River offering a breathtaking display of nature's force., Kalsubai Peak Trek (Base View or Part Trek)|Bhandardara is the base for Kalsubai Maharashtra's highest peak. Depending on your fitness you can either enjoy views of the peak from the base villages or undertake a partial trek for a closer experience of its majestic presence and surrounding beauty., Amruteshwar Temple & Ratangad Fort Excursion (View/Base)|Visit the ancient Amruteshwar Temple in Ratanwadi known for its intricate Hemadpanti architecture dedicated to Lord Shiva. From Ratanwadi you can also get good views of the Ratangad Fort or even trek to its base enjoying the historical and natural ambiance., Necklace Falls & Departure|Visit the picturesque Necklace Falls (seasonal) which appear as a necklace adorning the hills. Spend some time enjoying the local rustic charm before departing from Bhandardara carrying memories of its pristine lakes waterfalls and towering peaks.,,
10,Arrival in Malvan & Tarkarli Beach Relaxation|Arrive in the coastal town of Malvan. Check into your accommodation possibly near Tarkarli and spend the late afternoon relaxing on the pristine Tarkarli Beach known for its white sands and clear waters enjoying the gentle sea breeze and sunset hues., Sindhudurg Fort Exploration & Local Jetty Life|Visit the historic Sindhudurg Fort an impressive sea fort built by Chhatrapati Shivaji Maharaj. Take a ferry to the fort and explore its ramparts temples and freshwater tanks learning about its strategic importance. Observe the bustling local fishing jetty activity upon return., Snorkeling/Scuba Diving at Tsunami Island or Near Fort|Engage in thrilling water activities. Opt for snorkeling or scuba diving (beginner-friendly options available) near Tsunami Island or the outer walls of Sindhudurg Fort to witness the vibrant marine life and coral reefs of the Malvan coast a truly memorable experience., Rock Garden & Malvani Cuisine Indulgence|Visit the Malvan Rock Garden for a leisurely evening stroll amidst unique rock formations and a beautiful sunset view over the Arabian Sea. Later indulge in authentic Malvani cuisine savoring fresh seafood curries solkadhi and local delicacies at a traditional eatery., Devbagh Sangam & Mobar Point Dolphin Sighting|Take a boat trip to Devbagh Sangam where the Karli River meets the Arabian Sea a picturesque spot. Continue to Mobar Point known for dolphin sightings (seasonal and luck-dependent) enjoying the coastal scenery and the thrill of spotting playful dolphins in their natural habitat., Cashew Factories & Local Market Shopping Departure|Visit a local cashew factory to see the processing of Malvan's famous cashews and purchase some fresh nuts. Explore the Malvan market for local spices kokum products and souvenirs before departing filled with coastal charm and flavorful memories.
11,Arrival in Tarkarli & Beach Bliss|Arrive directly in Tarkarli and settle into your beachside stay. Spend the entire afternoon unwinding on the famed Tarkarli Beach known for its powdery white sand and crystal-clear waters perfect for swimming sunbathing or simply enjoying the serene coastal ambiance as the sun sets., Sindhudurg Fort Visit & Water Sports at Devbagh|Take a boat trip to the historic Sindhudurg Fort exploring its impressive architecture and learning about Maratha naval history. Afterwards head to nearby Devbagh for some exciting water sports like parasailing or banana boat rides enjoying the thrill on the azure waters., Scuba Diving/Snorkeling Adventure|Dedicate the day to an underwater adventure. Tarkarli is renowned for scuba diving and snorkeling opportunities with clear visibility to explore vibrant coral reefs and diverse marine life. Choose a PADI-certified operator for a safe and memorable experience of Maharashtra's underwater wonders., Malvani Breakfast & Departure|Enjoy a delicious traditional Malvani breakfast featuring specialties like ghavane or ambodi. Take a final stroll along the beach collecting seashells or just soaking in the peaceful morning atmosphere before you depart from Tarkarli refreshed by its coastal beauty.,,,
12,Arrival in Alibaug & Alibaug Beach Stroll|Arrive in Alibaug a popular coastal town. After checking in take a leisurely stroll along Alibaug Beach enjoying the sea breeze and the view of Kolaba Fort in the distance. You can also try some local beachside snacks like bhel puri or coconut water., Kolaba Fort Exploration & Varsoli Beach Relaxation|Visit the historic Kolaba Fort accessible by foot during low tide or by a short boat ride. Explore its ramparts freshwater well and temples. Later head to the quieter Varsoli Beach known for its calm waters and casuarina groves ideal for relaxation., Kihim Beach & Karmarkar Museum of Sculpture|Explore Kihim Beach popular for its diverse birdlife and unique butterflies. Afterwards visit the Karmarkar Museum of Sculpture in Sasawane showcasing exquisite sculptures by the renowned artist Nanasaheb Karmarkar offering a dose of art and culture amidst coastal beauty., Nagaon Beach Water Sports & Local Seafood Feast|Head to Nagaon Beach known for its long stretch of black sand and a variety of water sports like jet skiing parasailing and banana boat rides. In the evening treat yourself to a delicious local seafood thali at a nearby restaurant savoring fresh coastal flavors., Murud-Janjira Fort Excursion (Optional if time permits) or Departure|Optionally embark on a longer excursion to the formidable Murud-Janjira sea fort (allow ample time). Alternatively spend the morning relaxing or souvenir shopping in Alibaug before departing carrying memories of sandy shores and historic forts.,,
13,Arrival in Malshej Ghat & Pimpalgaon Joga Dam Views|Arrive in the scenic Malshej Ghat especially breathtaking during monsoons. Check into your accommodation and then visit the Pimpalgaon Joga Dam a large reservoir offering stunning panoramic views of the backwaters and surrounding hills a perfect spot for photography and tranquility., Malshej Falls & Harishchandragad Base Exploration|Witness the numerous waterfalls cascading down the ghats with Malshej Falls being a prominent one (best during monsoon). You can also drive towards the base villages of Harishchandragad Fort to get a feel of its majestic presence and explore the surrounding verdant landscapes., Birdwatching & Nature Trails|Malshej Ghat is a haven for birdwatchers especially known for migratory flamingos (seasonal) and other avian species. Embark on a nature trail through the lush forests enjoying the cool climate diverse flora and the sounds of nature a truly rejuvenating experience for nature lovers., Ajoba Hill Fort Vicinity & Departure|Explore the vicinity of Ajoba Hill Fort another significant trekking destination in the area enjoying the views from accessible points. Soak in the last moments of Malshej's raw natural beauty before departing refreshed by its misty mountains and gushing waterfalls.,,,
14,Arrival in Chikhaldara & Sunset at Mozari Point|Arrive in Chikhaldara the only coffee-growing region in Maharashtra nestled in the Satpura range. After settling in head to Mozari Point to witness a breathtaking sunset over the verdant valleys offering a serene start to your hill station retreat with panoramic vistas., Gawilgad Fort Exploration & Historical Insights|Explore the historic Gawilgad Fort a sprawling hill fort with impressive ramparts ancient temples and water tanks reflecting its rich past under various dynasties. Discover the intricate carvings and imagine the battles fought on these very grounds absorbing its historical significance., Bhimkund & Devi Point Visit|Visit Bhimkund a natural tank believed to be where Bhima (from Mahabharata) bathed offering scenic beauty and mythological importance. Later explore Devi Point another beautiful spot with a temple and views of cascading waterfalls during the monsoon season enhancing Chikhaldara's charm., Hurricane Point & Prospect Point Vistas|Discover more of Chikhaldara's viewpoints. Visit Hurricane Point for its windy conditions and panoramic views of the surrounding landscape. Then proceed to Prospect Point for another angle on the breathtaking valleys and dense forests that characterize this unique hill station., Melghat Tiger Reserve Safari (Core/Buffer Zone subject to permits)|Embark on an exciting wildlife safari in the Melghat Tiger Reserve (ensure permits and bookings in advance). Explore the buffer or core zones to spot diverse flora and fauna including a chance to see tigers leopards sloth bears and various bird species., Coffee Plantations & Departure|Visit a local coffee plantation (if accessible for tourists) to learn about coffee cultivation in the region. Enjoy the aroma and perhaps purchase some locally grown coffee before departing from Chikhaldara carrying memories of its unique blend of nature history and coffee.
15,Arrival in Amboli & Amboli Ghat Waterfalls|Arrive in Amboli a serene hill station in the Sahyadris known for its high rainfall and lush greenery. Begin by witnessing the numerous waterfalls cascading down the Amboli Ghat especially vibrant during the monsoon offering a refreshing and picturesque welcome to the region., Mahadevgad Point & Shirgaonkar Point Views|Explore Amboli's stunning viewpoints. Visit Mahadevgad Point for panoramic vistas of the surrounding valleys and dense forests. Later head to Shirgaonkar Point another excellent spot to soak in the natural beauty and tranquility of this eco-hotspot ideal for photography., Hiranyakeshi Temple & Nagatta Falls Exploration|Visit the ancient Hiranyakeshi Temple believed to be the source of the Hiranyakeshi River located near a cave. Afterwards explore the beautiful Nagatta Falls ( Nangartas Falls) a narrow gorge where the river powerfully cascades creating a spectacular sight and sound., Kavleshet Point (Reverse Waterfall) & Departure|Visit Kavleshet Point (Kavalshet) famous for its "reverse waterfall" phenomenon during strong monsoon winds where water appears to spray upwards. After experiencing this unique natural wonder and enjoying the misty ambiance depart from Amboli rejuvenated by its biodiversity.,,,
16,Arrival in Harihareshwar & Beach Sunset|Arrive in the tranquil coastal town of Harihareshwar known for its serene beaches and revered temple. After checking in spend the evening at Harihareshwar Beach witnessing a beautiful sunset over the Arabian Sea and enjoying the peaceful coastal atmosphere a perfect start to your spiritual retreat., Harihareshwar Temple & Pradakshina Marg|Visit the ancient Harihareshwar Temple dedicated to Lord Shiva which gives the town its name. Perform the sacred 'pradakshina' (circumambulation) around the temple hill a scenic path along the rocky coastline offering stunning sea views and spiritual solace a unique experience., Diveagar Beach & Suvarna Ganesh Temple Excursion|Take a day trip to nearby Diveagar. Relax on the pristine Diveagar Beach and visit the Suvarna Ganesh Temple which once housed a pure gold Ganesha idol (though the original was stolen a replica stands) experiencing the coastal charm of another Konkan gem., Shrivardhan Beach & Peshwa Smarak Visit|Explore Shrivardhan another beautiful coastal town close to Harihareshwar. Enjoy the serene Shrivardhan Beach and visit the Peshwa Smarak a memorial dedicated to Balaji Vishwanath Peshwa the first Peshwa of the Maratha Empire who hailed from this town adding a historical touch., Kalbhairav Temple & Departure|Visit the Kalbhairav Temple another important shrine in Harihareshwar dedicated to the fierce form of Lord Shiva considered the guardian deity of the region. After seeking blessings depart from Harihareshwar carrying the serenity of its beaches and the sanctity of its temples.,,
17,Arrival in Velhe Village & Acclimatization|Arrive in Velhe village the base for the Torna Fort trek. Settle into your local guesthouse or homestay. Spend the day acclimatizing to the rural environment enjoying local Maharashtrian village food and preparing mentally and physically for the upcoming challenging trek to the historic fort., Trek to Torna Fort (Prachandagad) & Exploration|Embark on an early morning trek to Torna Fort also known as Prachandagad due to its massive size. The trek is challenging but rewarding with breathtaking views and historical ruins. Explore Mengai Devi temple Zunjar Machi and Budhla Machi on the fort., Descent from Torna & Rajgad Fort Base Visit (Optional)|Descend from Torna Fort carefully. After resting if energy permits and you have transport you can visit the base village of the nearby Rajgad Fort (Gunjavane) to appreciate its grandeur from below or learn about its trekking routes for a future adventure., Local Village Experience & Departure from Velhe/Pune|Spend the morning interacting with local villagers learning about their way of life or simply enjoying the rustic charm of Velhe. Afterwards begin your journey back either directly from Velhe or by heading to Pune for onward travel filled with a sense of accomplishment.,,,
18,Arrival in Satara City & Fort Approach|Arrive in Satara city the historical capital. After settling in drive or take local transport towards the base of Ajinkyatara Fort which dominates the city's skyline. Enjoy the views of the fort from below and prepare for your exploration the next day feeling its historical presence., Ajinkyatara Fort Exploration & Panoramic City Views|Ascend Ajinkyatara Fort which is accessible by a motorable road almost to the top followed by some steps. Explore the fort's ramparts temples (including Hanuman and Mahadev temples) and enjoy breathtaking panoramic views of Satara city and the surrounding valleys and hills., Thoseghar Waterfalls & Chalkewadi Windmill Farms Excursion|Take a day trip to the spectacular Thoseghar Waterfalls (best during monsoon) a series of cascades amidst lush greenery. Afterwards visit the nearby Chalkewadi Windmill Farms a vast expanse of windmills offering a unique and picturesque landscape showcasing renewable energy initiatives., Kaas Plateau Visit (Seasonal) or Natraj Mandir & Departure|If visiting during the blooming season (August-October) prioritize a trip to the UNESCO World Heritage Kaas Plateau a biodiversity hotspot with vibrant wildflowers. Alternatively visit the Natraj Mandir in Satara. Afterwards depart from Satara city enriched by its historical and natural wonders.,,,
19,Arrival in Lonar Town & Crater Rim View|Arrive in Lonar town home to the unique Lonar Crater Lake a saline soda lake formed by a meteorite impact. Check into your accommodation and then head to the crater rim for your first awe-inspiring view of this massive near-circular depression and the lake within., Trek Down to Lonar Lake & Temple Exploration|Embark on a trek down into the Lonar crater. Explore the periphery of the lake observing its unique ecosystem and the ancient partially submerged temples like the Kamalja Devi Temple located near the water. Note the distinct flora and fauna adapted to this environment., Daitya Sudan Temple & Gomukh Temple Visit|Explore other significant temples around Lonar. Visit the Daitya Sudan Temple in Lonar town known for its Chalukya-style architecture and intricate carvings resembling Khajuraho art. Also see the Gomukh Temple from where a perennial stream emerges considered holy by locals., Ambar Lake (Chota Lonar) & Motha Maruti Temple|Visit Ambar Lake also known as Chota Lonar a smaller crater believed to have been formed by a splinter of the main meteor. Later visit the Motha Maruti Temple in Lonar town housing a large idol of Lord Hanuman said to be made from a magnetic rock., Reflection on the Cosmic Wonder & Departure|Spend the morning reflecting on the geological and astronomical significance of Lonar Crater. Perhaps revisit a favorite spot or engage with local researchers if possible. Afterwards depart from Lonar carrying the profound experience of witnessing a direct impact of cosmic events on Earth.,,
20,Arrival in Kolad & Kundalika River Familiarization|Arrive in Kolad a small village on the banks of the Kundalika River famous for white water rafting. Check into your riverside resort or camp. Spend the afternoon familiarizing yourself with the river perhaps enjoying a gentle coracle ride or simply relaxing by its banks., White Water Rafting on Kundalika River|Experience the thrill of white water rafting on the Kundalika River one of the fastest flowing rivers in the South with rapids ranging from Grade II to III. This activity is typically controlled by dam water release so ensure bookings and timings with operators., Tamhini Ghat Exploration & Waterfalls|Take a scenic drive through the nearby Tamhini Ghat especially beautiful during the monsoon with lush greenery and numerous waterfalls. Stop at viewpoints to enjoy the panoramic vistas and the refreshing atmosphere of this Sahyadri mountain pass a photographer's delight., Optional Adventure Activities & Departure|Depending on your resort you might opt for other adventure activities like kayaking zip-lining or rappelling. Enjoy a final riverside breakfast before departing from Kolad energized by the adventure and the beauty of the Kundalika River valley.,,,
